-- Preserve
-- Author: Lornard
-- DateCreated: 4/21/2021 7:25:38 PM
--------------------------------------------------------------

DELETE FROM		Adjacent_AppealYieldChanges 
WHERE			DistrictType = 'DISTRICT_PRESERVE';

UPDATE	Districts
SET		Appeal = 2
WHERE	DistrictType = 'DISTRICT_PRESERVE';

--------------------------------------------------------------------------
-- Types
--------------------------------------------------------------------------
INSERT INTO Types 
		(Type,								Kind)
VALUES	('BUILDING_LRN_HUNTING_GROUNDS',	'KIND_BUILDING');

--------------------------------------------------------------------------
-- Buildings
--------------------------------------------------------------------------
INSERT INTO Buildings 
		(BuildingType,						Name,										PrereqCivic,		Cost,	PrereqDistrict,			Description,									PurchaseYield,	AdvisorType)
VALUES	('BUILDING_LRN_HUNTING_GROUNDS',	'LOC_BUILDING_LRN_HUNTING_GROUNDS_NAME',	'CIVIC_FEUDALISM',	250,	'DISTRICT_PRESERVE',	'LOC_BUILDING_LRN_HUNTING_GROUNDS_DESCRIPTION',	'YIELD_GOLD',	'ADVISOR_GENERIC');

--------------------------------------------------------------------------
-- Requirements
--------------------------------------------------------------------------
INSERT INTO Requirements
		(RequirementId,						RequirementType,					Inverse)
VALUES	('REQUIRES_PLOT_NOT_MOUNTAIN',		'REQUIREMENT_PLOT_IS_MOUNTAIN',		1);
--------------------------------------------------------------------------
-- RequirementSets
--------------------------------------------------------------------------
INSERT INTO RequirementSets
		(RequirementSetId,										RequirementSetType)
VALUES	('LRN_REQUIRES_UNIMPROVED_CHARMING',					'REQUIREMENTSET_TEST_ALL'),
		('LRN_REQUIRES_UNIMPROVED_NOT_MOUNTAIN_BREATHTAKING',	'REQUIREMENTSET_TEST_ALL'),
		('LRN_REQUIRES_UNIMPROVED_REEF',						'REQUIREMENTSET_TEST_ALL');
--------------------------------------------------------------------------
-- RequirementSetRequirements
--------------------------------------------------------------------------
INSERT INTO RequirementSetRequirements
		(RequirementSetId,										RequirementId)
VALUES	('LRN_REQUIRES_UNIMPROVED_CHARMING',					'REQUIRES_PLOT_HAS_NO_IMPROVEMENT'),
		('LRN_REQUIRES_UNIMPROVED_CHARMING',					'REQUIRES_PLOT_CHARMING_APPEAL'),
		('LRN_REQUIRES_UNIMPROVED_NOT_MOUNTAIN_BREATHTAKING',	'REQUIRES_PLOT_HAS_NO_IMPROVEMENT'),
		('LRN_REQUIRES_UNIMPROVED_NOT_MOUNTAIN_BREATHTAKING',	'REQUIRES_PLOT_BREATHTAKING_APPEAL'),
		('LRN_REQUIRES_UNIMPROVED_NOT_MOUNTAIN_BREATHTAKING',	'REQUIRES_PLOT_NOT_MOUNTAIN'),
		('LRN_REQUIRES_UNIMPROVED_REEF',						'REQUIRES_PLOT_HAS_NO_IMPROVEMENT'),
		('LRN_REQUIRES_UNIMPROVED_REEF',						'REQUIRES_PLOT_HAS_REEF');
--------------------------------------------------------------------------
-- Modifiers
--------------------------------------------------------------------------
INSERT INTO Modifiers
		(ModifierId,										ModifierType,									SubjectRequirementSetId)
VALUES	('LRN_BONUS_FOOD_FROM_APPEAL_GROVE',				'MODIFIER_CITY_PLOT_YIELDS_ADJUST_PLOT_YIELD',	'LRN_REQUIRES_UNIMPROVED_CHARMING'),
		('LRN_BONUS_FAITH_FROM_APPEAL_GROVE',				'MODIFIER_CITY_PLOT_YIELDS_ADJUST_PLOT_YIELD',	'LRN_REQUIRES_UNIMPROVED_NOT_MOUNTAIN_BREATHTAKING'),
		('LRN_BONUS_FOOD_FROM_REEF_GROVE',					'MODIFIER_CITY_PLOT_YIELDS_ADJUST_PLOT_YIELD',	'LRN_REQUIRES_UNIMPROVED_REEF'),
		('LRN_BONUS_FAITH_FROM_REEF_GROVE',					'MODIFIER_CITY_PLOT_YIELDS_ADJUST_PLOT_YIELD',	'LRN_REQUIRES_UNIMPROVED_REEF'),

		('LRN_BONUS_CULTURE_FROM_APPEAL_HUNTING_GROUNDS',	'MODIFIER_CITY_PLOT_YIELDS_ADJUST_PLOT_YIELD',	'LRN_REQUIRES_UNIMPROVED_CHARMING'),
		('LRN_BONUS_GOLD_FROM_APPEAL_HUNTING_GROUNDS',		'MODIFIER_CITY_PLOT_YIELDS_ADJUST_PLOT_YIELD',	'LRN_REQUIRES_UNIMPROVED_NOT_MOUNTAIN_BREATHTAKING'),
		('LRN_BONUS_CULTURE_FROM_REEF_HUNTING_GROUNDS',		'MODIFIER_CITY_PLOT_YIELDS_ADJUST_PLOT_YIELD',	'LRN_REQUIRES_UNIMPROVED_REEF'),
		('LRN_BONUS_GOLD_FROM_REEF_HUNTING_GROUNDS',		'MODIFIER_CITY_PLOT_YIELDS_ADJUST_PLOT_YIELD',	'LRN_REQUIRES_UNIMPROVED_REEF'),

		('LRN_BONUS_SCIENCE_FROM_APPEAL_SANCTUARY',			'MODIFIER_CITY_PLOT_YIELDS_ADJUST_PLOT_YIELD',	'LRN_REQUIRES_UNIMPROVED_CHARMING'),
		('LRN_BONUS_PRODUCTION_FROM_APPEAL_SANCTUARY',		'MODIFIER_CITY_PLOT_YIELDS_ADJUST_PLOT_YIELD',	'LRN_REQUIRES_UNIMPROVED_NOT_MOUNTAIN_BREATHTAKING'),
		('LRN_BONUS_SCIENCE_FROM_REEF_SANCTUARY',			'MODIFIER_CITY_PLOT_YIELDS_ADJUST_PLOT_YIELD',	'LRN_REQUIRES_UNIMPROVED_REEF'),
		('LRN_BONUS_PRODUCTION_FROM_REEF_SANCTUARY',		'MODIFIER_CITY_PLOT_YIELDS_ADJUST_PLOT_YIELD',	'LRN_REQUIRES_UNIMPROVED_REEF');
----------------------------------------------------------------------------
-- ModifierArguments
--------------------------------------------------------------------------
INSERT INTO ModifierArguments
		(ModifierId,										Name,			Value)
VALUES	('LRN_BONUS_FOOD_FROM_APPEAL_GROVE',				'YieldType',	'YIELD_FOOD'),
		('LRN_BONUS_FOOD_FROM_APPEAL_GROVE',				'Amount',		1),
		('LRN_BONUS_FAITH_FROM_APPEAL_GROVE',				'YieldType',	'YIELD_FAITH'),
		('LRN_BONUS_FAITH_FROM_APPEAL_GROVE',				'Amount',		2),
		('LRN_BONUS_FOOD_FROM_REEF_GROVE',					'YieldType',	'YIELD_FOOD'),
		('LRN_BONUS_FOOD_FROM_REEF_GROVE',					'Amount',		1),
		('LRN_BONUS_FAITH_FROM_REEF_GROVE',					'YieldType',	'YIELD_FAITH'),
		('LRN_BONUS_FAITH_FROM_REEF_GROVE',					'Amount',		2),
		('LRN_BONUS_CULTURE_FROM_APPEAL_HUNTING_GROUNDS',	'YieldType',	'YIELD_CULTURE'),
		('LRN_BONUS_CULTURE_FROM_APPEAL_HUNTING_GROUNDS',	'Amount',		1),
		('LRN_BONUS_GOLD_FROM_APPEAL_HUNTING_GROUNDS',		'YieldType',	'YIELD_GOLD'),
		('LRN_BONUS_GOLD_FROM_APPEAL_HUNTING_GROUNDS',		'Amount',		2),
		('LRN_BONUS_CULTURE_FROM_REEF_HUNTING_GROUNDS',		'YieldType',	'YIELD_CULTURE'),
		('LRN_BONUS_CULTURE_FROM_REEF_HUNTING_GROUNDS',		'Amount',		1),
		('LRN_BONUS_GOLD_FROM_REEF_HUNTING_GROUNDS',		'YieldType',	'YIELD_GOLD'),
		('LRN_BONUS_GOLD_FROM_REEF_HUNTING_GROUNDS',		'Amount',		2),
		('LRN_BONUS_SCIENCE_FROM_APPEAL_SANCTUARY',			'YieldType',	'YIELD_SCIENCE'),
		('LRN_BONUS_SCIENCE_FROM_APPEAL_SANCTUARY',			'Amount',		1),
		('LRN_BONUS_PRODUCTION_FROM_APPEAL_SANCTUARY',		'YieldType',	'YIELD_PRODUCTION'),
		('LRN_BONUS_PRODUCTION_FROM_APPEAL_SANCTUARY',		'Amount',		1),
		('LRN_BONUS_SCIENCE_FROM_REEF_SANCTUARY',			'YieldType',	'YIELD_SCIENCE'),
		('LRN_BONUS_SCIENCE_FROM_REEF_SANCTUARY',			'Amount',		1),
		('LRN_BONUS_PRODUCTION_FROM_REEF_SANCTUARY',		'YieldType',	'YIELD_PRODUCTION'),
		('LRN_BONUS_PRODUCTION_FROM_REEF_SANCTUARY',		'Amount',		1);
--------------------------------------------------------------------------
-- BuildingModifiers
--------------------------------------------------------------------------
INSERT INTO BuildingModifiers
		(BuildingType,						ModifierId)
VALUES	('BUILDING_GROVE',					'LRN_BONUS_FOOD_FROM_APPEAL_GROVE'),
		('BUILDING_GROVE',					'LRN_BONUS_FAITH_FROM_APPEAL_GROVE'),
		('BUILDING_GROVE',					'LRN_BONUS_FOOD_FROM_REEF_GROVE'),
		('BUILDING_GROVE',					'LRN_BONUS_FAITH_FROM_REEF_GROVE'),

		('BUILDING_LRN_HUNTING_GROUNDS',	'LRN_BONUS_CULTURE_FROM_APPEAL_HUNTING_GROUNDS'),
		('BUILDING_LRN_HUNTING_GROUNDS',	'LRN_BONUS_GOLD_FROM_APPEAL_HUNTING_GROUNDS'),
		('BUILDING_LRN_HUNTING_GROUNDS',	'LRN_BONUS_CULTURE_FROM_REEF_HUNTING_GROUNDS'),
		('BUILDING_LRN_HUNTING_GROUNDS',	'LRN_BONUS_GOLD_FROM_REEF_HUNTING_GROUNDS'),

		('BUILDING_SANCTUARY',				'LRN_BONUS_SCIENCE_FROM_APPEAL_SANCTUARY'),
		('BUILDING_SANCTUARY',				'LRN_BONUS_PRODUCTION_FROM_APPEAL_SANCTUARY'),
		('BUILDING_SANCTUARY',				'LRN_BONUS_SCIENCE_FROM_REEF_SANCTUARY'),
		('BUILDING_SANCTUARY',				'LRN_BONUS_PRODUCTION_FROM_REEF_SANCTUARY');